episode,epsilon,wins,losses,draws,win_rate,avg_loss
100,0.05,36,59,5,0.36,0.6897121176473134
200,0.05,39,57,4,0.39,0.2827444070548542
300,0.05,42,54,4,0.42,0.22342509891675333
400,0.05,52,44,4,0.52,0.2166410256654807
500,0.05,60,33,7,0.6,0.19146601303209074
600,0.05,47,50,3,0.47,0.1783032749169754
700,0.05,43,51,6,0.43,0.17533246829138244
800,0.05,40,51,9,0.4,0.17131554149787875
900,0.05,46,50,4,0.46,0.1606987581229625
1000,0.05,47,47,6,0.47,0.16602468958772826
1100,0.05,42,49,9,0.42,0.15704345349685186
1200,0.05,48,48,4,0.48,0.16933343323210712
1300,0.05,46,49,5,0.46,0.18910488480384324
1400,0.05,41,54,5,0.41,0.19897414134259805
1500,0.05,57,38,5,0.57,0.2122846523635479
1600,0.05,44,46,10,0.44,0.21861002149546654
1700,0.05,43,50,7,0.43,0.2130147325691898
1800,0.05,45,49,6,0.45,0.2116284587027075
1900,0.05,48,46,6,0.48,0.19914439373853593
2000,0.05,46,47,7,0.46,0.2056579635052261
2100,0.05,52,43,5,0.52,0.20372649054799447
2200,0.05,41,54,5,0.41,0.20528427291982404
2300,0.05,49,46,5,0.49,0.19389255191215618
2400,0.05,42,47,11,0.42,0.187524098891317
2500,0.05,43,49,8,0.43,0.19697735532859206
2600,0.05,45,48,7,0.45,0.19553097362983896
2700,0.05,50,45,5,0.5,0.19347627223023992
2800,0.05,47,43,10,0.47,0.19582865490494877
2900,0.05,50,40,10,0.5,0.18453883372247387
3000,0.05,54,43,3,0.54,0.17976983867250454
3100,0.05,44,46,10,0.44,0.2032534571986005
3200,0.05,51,40,9,0.51,0.16505975616786003
3300,0.05,49,42,9,0.49,0.15967740701169608
3400,0.05,38,57,5,0.38,0.15241189568234623
3500,0.05,46,49,5,0.46,0.16081525646986208
3600,0.05,37,56,7,0.37,0.16133479103326753
3700,0.05,47,46,7,0.47,0.16597053073261972
3800,0.05,54,42,4,0.54,0.16787225414037604
3900,0.05,47,47,6,0.47,0.17639922072557912
4000,0.05,48,45,7,0.48,0.19088531452880791
4100,0.05,46,43,11,0.46,0.1675849549721539
4200,0.05,38,50,12,0.38,0.1818739840152612
4300,0.05,50,40,10,0.5,0.1773263125924829
4400,0.05,42,50,8,0.42,0.16938973034431096
4500,0.05,49,45,6,0.49,0.18653079610465984
4600,0.05,49,39,12,0.49,0.17580883543852255
4700,0.05,43,52,5,0.43,0.17596351151576087
4800,0.05,46,46,8,0.46,0.19155410924717609
4900,0.05,49,47,4,0.49,0.18109201996767177
5000,0.05,55,37,8,0.55,0.18335588010913248
5100,0.05,44,48,8,0.44,0.17015318172845045
5200,0.05,56,31,13,0.56,0.16618845956400427
5300,0.05,53,38,9,0.53,0.16198478140214476
5400,0.05,54,42,4,0.54,0.15470258163847786
5500,0.05,54,38,8,0.54,0.1546519797748792
5600,0.05,45,50,5,0.45,0.17101697518171186
5700,0.05,49,44,7,0.49,0.17610654613916213
5800,0.05,41,53,6,0.41,0.1922755817241269
5900,0.05,53,41,6,0.53,0.209876632510536
6000,0.05,42,46,12,0.42,0.23563335439049987
6100,0.05,53,42,5,0.53,0.21456104063989756
6200,0.05,45,49,6,0.45,0.20609571093516682
6300,0.05,47,50,3,0.47,0.19048442719472178
6400,0.05,56,37,7,0.56,0.20581926575145526
6500,0.05,38,50,12,0.38,0.19242895529180373
6600,0.05,49,44,7,0.49,0.19246926826657937
6700,0.05,38,53,9,0.38,0.18362001751599277
6800,0.05,43,53,4,0.43,0.1758715877214756
6900,0.05,43,53,4,0.43,0.17982182783208292
7000,0.05,50,47,3,0.5,0.16988764906075599
7100,0.05,56,40,4,0.56,0.1698524294981193
7200,0.05,44,48,8,0.44,0.16477787951607348
7300,0.05,48,48,4,0.48,0.1734432033479814
7400,0.05,49,40,11,0.49,0.1620396509102209
7500,0.05,46,46,8,0.46,0.17941873071000963
7600,0.05,46,48,6,0.46,0.1991443468691717
7700,0.05,50,44,6,0.5,0.19378675079601412
7800,0.05,58,39,3,0.58,0.20185231690960365
7900,0.05,52,42,6,0.52,0.17862674012010749
8000,0.05,52,42,6,0.52,0.19012235336976702
8100,0.05,43,53,4,0.43,0.17724541632598892
8200,0.05,34,57,9,0.34,0.16620133734699435
8300,0.05,50,41,9,0.5,0.18251995218036243
8400,0.05,56,37,7,0.56,0.18351901438864116
8500,0.05,48,41,11,0.48,0.1873702470003705
8600,0.05,57,34,9,0.57,0.1916225694664415
8700,0.05,39,53,8,0.39,0.17945881472284864
8800,0.05,54,42,4,0.54,0.18545650636455474
8900,0.05,56,36,8,0.56,0.18948537286430306
9000,0.05,42,53,5,0.42,0.18107030405355784
9100,0.05,45,48,7,0.45,0.17916185910832474
9200,0.05,47,41,12,0.47,0.17969638625111423
9300,0.05,54,41,5,0.54,0.20300988699782116
9400,0.05,48,49,3,0.48,0.17168215329875067
9500,0.05,54,38,8,0.54,0.17863020241838942
9600,0.05,53,41,6,0.53,0.16626190145746952
9700,0.05,60,29,11,0.6,0.17019246238964633
9800,0.05,44,49,7,0.44,0.16799257492600805
9900,0.05,44,52,4,0.44,0.1666575509980296
10000,0.05,49,44,7,0.49,0.17532926348795577
