iteration,generated_examples,replay_size,train_loss,train_policy_loss,train_value_loss,train_l2_loss,policy_mixed_score,policy_worst_case_score,mcts_mixed_score,mcts_worst_case_score,policy_azar_win_rate,mcts_azar_win_rate,mcts_azar_wins,mcts_azar_losses,mcts_azar_draws,mcts_azar_score,mcts_codigo3_wins,mcts_codigo3_losses,mcts_codigo3_draws,mcts_codigo3_win_rate,mcts_codigo3_score,mcts_codigo4_wins,mcts_codigo4_losses,mcts_codigo4_draws,mcts_codigo4_win_rate,mcts_codigo4_score,mcts_codigo5_wins,mcts_codigo5_losses,mcts_codigo5_draws,mcts_codigo5_win_rate,mcts_codigo5_score
0,0,0,nan,nan,nan,nan,nan,nan,0.37324999999999997,0.0,nan,0.991,991,3,6,0.993,250,750,0,0.25,0.25,0,1000,0,0.0,0.0,250,750,0,0.25,0.25
1,1846,1846,1.2699233480672107,0.7098303771936101,0.5259753895961715,0.03411758127742912,nan,nan,nan,nan,nan,nan,nan,nan,nan,nan,nan,nan,nan,nan,nan,nan,nan,nan,nan,nan,nan,nan,nan,nan,nan
2,1808,3654,1.2444667757067416,0.6964767476646803,0.5136653059265863,0.03432472211547482,nan,nan,nan,nan,nan,nan,nan,nan,nan,nan,nan,nan,nan,nan,nan,nan,nan,nan,nan,nan,nan,nan,nan,nan,nan
3,1797,5451,1.197997850878017,0.6742437787163352,0.48923219671144474,0.034521875450236814,nan,nan,nan,nan,nan,nan,nan,nan,nan,nan,nan,nan,nan,nan,nan,nan,nan,nan,nan,nan,nan,nan,nan,nan,nan
4,1850,7301,1.2027172189250166,0.6678541251114567,0.5001539099198571,0.03470918389370277,nan,nan,nan,nan,nan,nan,nan,nan,nan,nan,nan,nan,nan,nan,nan,nan,nan,nan,nan,nan,nan,nan,nan,nan,nan
5,1845,9146,1.172247635950375,0.6456959066166106,0.4916701671209846,0.034881562212779785,nan,nan,nan,nan,nan,nan,nan,nan,nan,nan,nan,nan,nan,nan,nan,nan,nan,nan,nan,nan,nan,nan,nan,nan,nan
6,1861,11007,1.1639468427823274,0.648943893821726,0.4799511926285385,0.0350517563320629,nan,nan,nan,nan,nan,nan,nan,nan,nan,nan,nan,nan,nan,nan,nan,nan,nan,nan,nan,nan,nan,nan,nan,nan,nan
7,1778,12785,1.1625420071642578,0.6458640256232958,0.481471928132212,0.03520605340874996,nan,nan,nan,nan,nan,nan,nan,nan,nan,nan,nan,nan,nan,nan,nan,nan,nan,nan,nan,nan,nan,nan,nan,nan,nan
8,1903,14688,1.1551971949584379,0.6372128130240914,0.48264584623299156,0.03533853570135492,nan,nan,nan,nan,nan,nan,nan,nan,nan,nan,nan,nan,nan,nan,nan,nan,nan,nan,nan,nan,nan,nan,nan,nan,nan
9,2005,16693,1.1588994186743065,0.6330124087511038,0.49044423018902905,0.03544277973417351,nan,nan,nan,nan,nan,nan,nan,nan,nan,nan,nan,nan,nan,nan,nan,nan,nan,nan,nan,nan,nan,nan,nan,nan,nan
10,1834,18527,1.1823268529400288,0.6532404157961076,0.4935470424088667,0.035539394735054575,nan,nan,nan,nan,nan,nan,nan,nan,nan,nan,nan,nan,nan,nan,nan,nan,nan,nan,nan,nan,nan,nan,nan,nan,nan
11,1783,20310,1.1747745076571305,0.6495490538115375,0.4895923109208348,0.035633142924758256,nan,nan,nan,nan,nan,nan,nan,nan,nan,nan,nan,nan,nan,nan,nan,nan,nan,nan,nan,nan,nan,nan,nan,nan,nan
12,1966,22276,1.144491443438855,0.6285244574372753,0.48023623382542263,0.03573075217615721,nan,nan,nan,nan,nan,nan,nan,nan,nan,nan,nan,nan,nan,nan,nan,nan,nan,nan,nan,nan,nan,nan,nan,nan,nan
13,1811,24087,1.1353814412892143,0.6222046774678024,0.47736687528420757,0.03580988853720447,nan,nan,nan,nan,nan,nan,nan,nan,nan,nan,nan,nan,nan,nan,nan,nan,nan,nan,nan,nan,nan,nan,nan,nan,nan
14,1944,26031,1.1267824047804864,0.6205140556219839,0.4703706688166207,0.035897680341881934,nan,nan,nan,nan,nan,nan,nan,nan,nan,nan,nan,nan,nan,nan,nan,nan,nan,nan,nan,nan,nan,nan,nan,nan,nan
15,1877,27908,1.1393239393650585,0.6232105134137458,0.4801272314417766,0.035986194509535836,nan,nan,nan,nan,nan,nan,nan,nan,nan,nan,nan,nan,nan,nan,nan,nan,nan,nan,nan,nan,nan,nan,nan,nan,nan
16,1936,29844,1.1433393063181096,0.6288680173740518,0.4784177343870206,0.03605355455703709,nan,nan,nan,nan,nan,nan,nan,nan,nan,nan,nan,nan,nan,nan,nan,nan,nan,nan,nan,nan,nan,nan,nan,nan,nan
17,1894,31738,1.1306077917477841,0.6238425609014104,0.47066077423921937,0.03610445660715429,nan,nan,nan,nan,nan,nan,nan,nan,nan,nan,nan,nan,nan,nan,nan,nan,nan,nan,nan,nan,nan,nan,nan,nan,nan
18,1748,33486,1.1323783587498524,0.620241209442413,0.47599219427251555,0.036144955034923876,nan,nan,nan,nan,nan,nan,nan,nan,nan,nan,nan,nan,nan,nan,nan,nan,nan,nan,nan,nan,nan,nan,nan,nan,nan
19,1881,35367,1.1458810664004722,0.6260440102309109,0.48365180008305103,0.036185256086510006,nan,nan,nan,nan,nan,nan,nan,nan,nan,nan,nan,nan,nan,nan,nan,nan,nan,nan,nan,nan,nan,nan,nan,nan,nan
20,1886,37253,1.1357972906742326,0.6108289161428039,0.4887490427879551,0.03621933174347392,0.30266666666666664,0.0,0.645,0.25,0.956,0.996,996,2,2,0.9966666666666667,750,250,0,0.75,0.75,500,250,250,0.5,0.5833333333333334,250,750,0,0.25,0.25
21,1933,39186,1.1289763423683208,0.6144738852495334,0.4782441826724995,0.036258274446287986,nan,nan,nan,nan,nan,nan,nan,nan,nan,nan,nan,nan,nan,nan,nan,nan,nan,nan,nan,nan,nan,nan,nan,nan,nan
22,1820,41006,1.1129086107523976,0.6046196824055782,0.4720069690275773,0.03628195931924217,nan,nan,nan,nan,nan,nan,nan,nan,nan,nan,nan,nan,nan,nan,nan,nan,nan,nan,nan,nan,nan,nan,nan,nan,nan
23,1880,42886,1.1385970910571168,0.6187465945524925,0.48353314322387414,0.03631735328075021,nan,nan,nan,nan,nan,nan,nan,nan,nan,nan,nan,nan,nan,nan,nan,nan,nan,nan,nan,nan,nan,nan,nan,nan,nan
24,1798,44684,1.1332063272124484,0.6110489824249984,0.4858081026870577,0.03634924210039228,nan,nan,nan,nan,nan,nan,nan,nan,nan,nan,nan,nan,nan,nan,nan,nan,nan,nan,nan,nan,nan,nan,nan,nan,nan
25,1856,46540,1.1557936223115544,0.6302493969521596,0.48917790024671043,0.03636632511268403,nan,nan,nan,nan,nan,nan,nan,nan,nan,nan,nan,nan,nan,nan,nan,nan,nan,nan,nan,nan,nan,nan,nan,nan,nan
26,1767,48307,1.1411886682926982,0.6160786521308853,0.4887229309955171,0.03638708516629591,nan,nan,nan,nan,nan,nan,nan,nan,nan,nan,nan,nan,nan,nan,nan,nan,nan,nan,nan,nan,nan,nan,nan,nan,nan
27,1849,50156,1.1435161076128475,0.6114545437594431,0.4956496835064001,0.03641188034700445,nan,nan,nan,nan,nan,nan,nan,nan,nan,nan,nan,nan,nan,nan,nan,nan,nan,nan,nan,nan,nan,nan,nan,nan,nan
28,1892,52048,1.1357084722171007,0.6078984235556615,0.4913697496345874,0.0364402990268519,nan,nan,nan,nan,nan,nan,nan,nan,nan,nan,nan,nan,nan,nan,nan,nan,nan,nan,nan,nan,nan,nan,nan,nan,nan
29,1930,53978,1.1199564011114886,0.5984124555007337,0.48507666847215164,0.036467277138603246,nan,nan,nan,nan,nan,nan,nan,nan,nan,nan,nan,nan,nan,nan,nan,nan,nan,nan,nan,nan,nan,nan,nan,nan,nan
30,1887,55865,1.1449835241471704,0.6139616988440527,0.49452334592015634,0.036498479382961406,nan,nan,nan,nan,nan,nan,nan,nan,nan,nan,nan,nan,nan,nan,nan,nan,nan,nan,nan,nan,nan,nan,nan,nan,nan
31,1758,57623,1.1419911371245686,0.6092561232353588,0.4962102030461345,0.03652481084307517,nan,nan,nan,nan,nan,nan,nan,nan,nan,nan,nan,nan,nan,nan,nan,nan,nan,nan,nan,nan,nan,nan,nan,nan,nan
32,1760,59383,1.1562813476733158,0.6256442077560572,0.4940906959190998,0.0365464439981589,nan,nan,nan,nan,nan,nan,nan,nan,nan,nan,nan,nan,nan,nan,nan,nan,nan,nan,nan,nan,nan,nan,nan,nan,nan
33,1812,61195,1.11956901691638,0.6065169441158829,0.4764989600084993,0.03655311279199792,nan,nan,nan,nan,nan,nan,nan,nan,nan,nan,nan,nan,nan,nan,nan,nan,nan,nan,nan,nan,nan,nan,nan,nan,nan
34,1761,62956,1.1363050814969045,0.6160548000541827,0.4836708044355253,0.03657947700719645,nan,nan,nan,nan,nan,nan,nan,nan,nan,nan,nan,nan,nan,nan,nan,nan,nan,nan,nan,nan,nan,nan,nan,nan,nan
35,1887,64843,1.1328702611547545,0.6064865196752749,0.4897745292501749,0.03660921222930473,nan,nan,nan,nan,nan,nan,nan,nan,nan,nan,nan,nan,nan,nan,nan,nan,nan,nan,nan,nan,nan,nan,nan,nan,nan
36,1760,66603,1.1437881181821599,0.6200376528690941,0.48711473778449876,0.036635727528567315,nan,nan,nan,nan,nan,nan,nan,nan,nan,nan,nan,nan,nan,nan,nan,nan,nan,nan,nan,nan,nan,nan,nan,nan,nan
37,1758,68361,1.1221534657549197,0.6061496540037422,0.47934924012666585,0.036654571624511696,nan,nan,nan,nan,nan,nan,nan,nan,nan,nan,nan,nan,nan,nan,nan,nan,nan,nan,nan,nan,nan,nan,nan,nan,nan
38,1827,70188,1.1240664364806798,0.6052558782354404,0.4821260977862061,0.036684460459033626,nan,nan,nan,nan,nan,nan,nan,nan,nan,nan,nan,nan,nan,nan,nan,nan,nan,nan,nan,nan,nan,nan,nan,nan,nan
39,1829,72017,1.133046870128699,0.6011704546256422,0.49519399948417864,0.03668241601887821,nan,nan,nan,nan,nan,nan,nan,nan,nan,nan,nan,nan,nan,nan,nan,nan,nan,nan,nan,nan,nan,nan,nan,nan,nan
40,1835,73852,1.1202442219183018,0.5931192503543979,0.490416461082317,0.03670851048158667,0.3273333333333333,0.0,0.6866666666666666,0.25,0.974,0.996,996,2,2,0.9966666666666667,750,250,0,0.75,0.75,750,250,0,0.75,0.75,250,750,0,0.25,0.25
41,1761,75613,1.1263714302126013,0.6014440194502891,0.48818871813296233,0.03673869262934973,nan,nan,nan,nan,nan,nan,nan,nan,nan,nan,nan,nan,nan,nan,nan,nan,nan,nan,nan,nan,nan,nan,nan,nan,nan
42,1778,77391,1.1238834572947818,0.601453742839498,0.4856783930845181,0.03675132137076597,nan,nan,nan,nan,nan,nan,nan,nan,nan,nan,nan,nan,nan,nan,nan,nan,nan,nan,nan,nan,nan,nan,nan,nan,nan
43,1942,79333,1.1285049687501627,0.610266688424936,0.48148264677190183,0.03675563355332481,nan,nan,nan,nan,nan,nan,nan,nan,nan,nan,nan,nan,nan,nan,nan,nan,nan,nan,nan,nan,nan,nan,nan,nan,nan
44,1816,81149,1.1291437027770455,0.6101438366018229,0.4822209389065929,0.03677892726862931,nan,nan,nan,nan,nan,nan,nan,nan,nan,nan,nan,nan,nan,nan,nan,nan,nan,nan,nan,nan,nan,nan,nan,nan,nan
45,1808,82957,1.1082771224300132,0.6062336090543411,0.46524964685319037,0.03679386652248166,nan,nan,nan,nan,nan,nan,nan,nan,nan,nan,nan,nan,nan,nan,nan,nan,nan,nan,nan,nan,nan,nan,nan,nan,nan
46,1876,84833,1.122010355321173,0.5997346469136874,0.4854774934817662,0.036798214925719414,nan,nan,nan,nan,nan,nan,nan,nan,nan,nan,nan,nan,nan,nan,nan,nan,nan,nan,nan,nan,nan,nan,nan,nan,nan
47,1887,86720,1.119733472250073,0.6032241405579399,0.4796809254794573,0.036828406212675684,nan,nan,nan,nan,nan,nan,nan,nan,nan,nan,nan,nan,nan,nan,nan,nan,nan,nan,nan,nan,nan,nan,nan,nan,nan
48,1757,88477,1.1066068093692045,0.5965885449801066,0.47318243982592306,0.036835824563174635,nan,nan,nan,nan,nan,nan,nan,nan,nan,nan,nan,nan,nan,nan,nan,nan,nan,nan,nan,nan,nan,nan,nan,nan,nan
49,1836,90313,1.105163285827233,0.592165263296144,0.47615126180607975,0.036846760725009246,nan,nan,nan,nan,nan,nan,nan,nan,nan,nan,nan,nan,nan,nan,nan,nan,nan,nan,nan,nan,nan,nan,nan,nan,nan
50,1806,92119,1.1193855004572624,0.6003957009460583,0.48213602842401726,0.036853771087186654,nan,nan,nan,nan,nan,nan,nan,nan,nan,nan,nan,nan,nan,nan,nan,nan,nan,nan,nan,nan,nan,nan,nan,nan,nan
51,1875,93994,1.120122570247421,0.5954246067899809,0.487834473987717,0.03686348946972305,nan,nan,nan,nan,nan,nan,nan,nan,nan,nan,nan,nan,nan,nan,nan,nan,nan,nan,nan,nan,nan,nan,nan,nan,nan
52,1879,95873,1.0926212883060367,0.5798492265528352,0.47589101780473897,0.036881043948462616,nan,nan,nan,nan,nan,nan,nan,nan,nan,nan,nan,nan,nan,nan,nan,nan,nan,nan,nan,nan,nan,nan,nan,nan,nan
53,1777,97650,1.106758185844198,0.5966979253351476,0.47315394751038214,0.036906312998667895,nan,nan,nan,nan,nan,nan,nan,nan,nan,nan,nan,nan,nan,nan,nan,nan,nan,nan,nan,nan,nan,nan,nan,nan,nan
54,1918,99568,1.100230398209247,0.5937078156895155,0.46961722593236416,0.03690535658736729,nan,nan,nan,nan,nan,nan,nan,nan,nan,nan,nan,nan,nan,nan,nan,nan,nan,nan,nan,nan,nan,nan,nan,nan,nan
55,1754,101322,1.1157792456915323,0.6102430881835817,0.4686283536309454,0.03690780387700513,nan,nan,nan,nan,nan,nan,nan,nan,nan,nan,nan,nan,nan,nan,nan,nan,nan,nan,nan,nan,nan,nan,nan,nan,nan
56,1912,103234,1.1138056018306595,0.6023596170241907,0.4745364708557076,0.03690951395076104,nan,nan,nan,nan,nan,nan,nan,nan,nan,nan,nan,nan,nan,nan,nan,nan,nan,nan,nan,nan,nan,nan,nan,nan,nan
57,1890,105124,1.0971488397987046,0.5884468238441194,0.47177340552364777,0.036928610430937536,nan,nan,nan,nan,nan,nan,nan,nan,nan,nan,nan,nan,nan,nan,nan,nan,nan,nan,nan,nan,nan,nan,nan,nan,nan
58,1857,106981,1.1168879289896485,0.5968641855279309,0.48307386393411944,0.03694987952759793,nan,nan,nan,nan,nan,nan,nan,nan,nan,nan,nan,nan,nan,nan,nan,nan,nan,nan,nan,nan,nan,nan,nan,nan,nan
59,1909,108890,1.0989179775842939,0.5907228242204439,0.4712388649169958,0.03695628844685435,nan,nan,nan,nan,nan,nan,nan,nan,nan,nan,nan,nan,nan,nan,nan,nan,nan,nan,nan,nan,nan,nan,nan,nan,nan
60,1863,110753,1.1089876470196092,0.591852717652401,0.4801616638567087,0.03697326551049965,0.3235,0.0,0.6240833333333333,0.5,0.956,0.996,996,3,1,0.9963333333333333,500,500,0,0.5,0.5,500,500,0,0.5,0.5,500,500,0,0.5,0.5
61,1786,112539,1.1027444131670725,0.58964267641983,0.47610788673160526,0.036993850015637195,nan,nan,nan,nan,nan,nan,nan,nan,nan,nan,nan,nan,nan,nan,nan,nan,nan,nan,nan,nan,nan,nan,nan,nan,nan
62,1721,114260,1.086256293766201,0.583592975811144,0.46563656305445045,0.037026754900606515,nan,nan,nan,nan,nan,nan,nan,nan,nan,nan,nan,nan,nan,nan,nan,nan,nan,nan,nan,nan,nan,nan,nan,nan,nan
63,1795,116055,1.093589130640704,0.5884263685674118,0.46811489885897406,0.03704786321431804,nan,nan,nan,nan,nan,nan,nan,nan,nan,nan,nan,nan,nan,nan,nan,nan,nan,nan,nan,nan,nan,nan,nan,nan,nan
64,1801,117856,1.1017810637557732,0.5924903235291133,0.47222736156699147,0.03706337865966805,nan,nan,nan,nan,nan,nan,nan,nan,nan,nan,nan,nan,nan,nan,nan,nan,nan,nan,nan,nan,nan,nan,nan,nan,nan
65,1829,119685,1.0950774727344827,0.5906690703427688,0.46734142353087,0.03706697886084405,nan,nan,nan,nan,nan,nan,nan,nan,nan,nan,nan,nan,nan,nan,nan,nan,nan,nan,nan,nan,nan,nan,nan,nan,nan
66,1786,121471,1.069311101167349,0.5780377867505795,0.4542016398900233,0.03707167452674626,nan,nan,nan,nan,nan,nan,nan,nan,nan,nan,nan,nan,nan,nan,nan,nan,nan,nan,nan,nan,nan,nan,nan,nan,nan
67,1935,123406,1.1051878115667828,0.5973084211474685,0.47079880396261037,0.03708058645670414,nan,nan,nan,nan,nan,nan,nan,nan,nan,nan,nan,nan,nan,nan,nan,nan,nan,nan,nan,nan,nan,nan,nan,nan,nan
68,1967,125373,1.0916648384089171,0.5827802313134164,0.4717862541351503,0.03709835296035028,nan,nan,nan,nan,nan,nan,nan,nan,nan,nan,nan,nan,nan,nan,nan,nan,nan,nan,nan,nan,nan,nan,nan,nan,nan
69,1881,127254,1.091836089894872,0.5844544183998367,0.47028081718280407,0.0371008543122314,nan,nan,nan,nan,nan,nan,nan,nan,nan,nan,nan,nan,nan,nan,nan,nan,nan,nan,nan,nan,nan,nan,nan,nan,nan
70,1832,129086,1.08358377002374,0.5784950132743978,0.46797078762731814,0.0371179691220241,nan,nan,nan,nan,nan,nan,nan,nan,nan,nan,nan,nan,nan,nan,nan,nan,nan,nan,nan,nan,nan,nan,nan,nan,nan
71,1750,130836,1.0819185615834115,0.5768126682407323,0.46797459857800655,0.0371312947646727,nan,nan,nan,nan,nan,nan,nan,nan,nan,nan,nan,nan,nan,nan,nan,nan,nan,nan,nan,nan,nan,nan,nan,nan,nan
72,1827,132663,1.0718624121827762,0.5691021192528787,0.4656092374078264,0.037151055522071125,nan,nan,nan,nan,nan,nan,nan,nan,nan,nan,nan,nan,nan,nan,nan,nan,nan,nan,nan,nan,nan,nan,nan,nan,nan
73,1905,134568,1.078562209018324,0.5840982069538755,0.45728016406365385,0.03718383800079459,nan,nan,nan,nan,nan,nan,nan,nan,nan,nan,nan,nan,nan,nan,nan,nan,nan,nan,nan,nan,nan,nan,nan,nan,nan
74,1754,136322,1.0823031204196125,0.5764619630589699,0.46865405160950396,0.03718710575113852,nan,nan,nan,nan,nan,nan,nan,nan,nan,nan,nan,nan,nan,nan,nan,nan,nan,nan,nan,nan,nan,nan,nan,nan,nan
75,1859,138181,1.0660027333302777,0.5657459550570614,0.4630548456161768,0.037201932657039236,nan,nan,nan,nan,nan,nan,nan,nan,nan,nan,nan,nan,nan,nan,nan,nan,nan,nan,nan,nan,nan,nan,nan,nan,nan
76,1812,139993,1.077499267660507,0.5769256885954777,0.46335366300249914,0.03721991606253023,nan,nan,nan,nan,nan,nan,nan,nan,nan,nan,nan,nan,nan,nan,nan,nan,nan,nan,nan,nan,nan,nan,nan,nan,nan
77,1784,141777,1.096009543099832,0.5829743620685219,0.47581801843751015,0.037217162593799966,nan,nan,nan,nan,nan,nan,nan,nan,nan,nan,nan,nan,nan,nan,nan,nan,nan,nan,nan,nan,nan,nan,nan,nan,nan
78,1819,143596,1.069807295204128,0.5785210252312152,0.4540492316835523,0.037237038289360466,nan,nan,nan,nan,nan,nan,nan,nan,nan,nan,nan,nan,nan,nan,nan,nan,nan,nan,nan,nan,nan,nan,nan,nan,nan
79,1837,145433,1.0745486624502842,0.5720950733517617,0.4651896332448559,0.037263955853666604,nan,nan,nan,nan,nan,nan,nan,nan,nan,nan,nan,nan,nan,nan,nan,nan,nan,nan,nan,nan,nan,nan,nan,nan,nan
80,1856,147289,1.0753859420571914,0.5816849908603,0.45644593707134573,0.03725501412554559,0.5783333333333334,0.0,0.7081666666666667,0.5,0.979,0.999,999,0,1,0.9993333333333333,500,500,0,0.5,0.5,750,0,250,0.75,0.8333333333333334,500,500,0,0.5,0.5
81,1903,149192,1.0725640976648823,0.5792415620734489,0.45605309739054545,0.03726943820088773,nan,nan,nan,nan,nan,nan,nan,nan,nan,nan,nan,nan,nan,nan,nan,nan,nan,nan,nan,nan,nan,nan,nan,nan,nan
82,1797,150989,1.092006602034039,0.5852776978312886,0.4694639845915469,0.03726491961120379,nan,nan,nan,nan,nan,nan,nan,nan,nan,nan,nan,nan,nan,nan,nan,nan,nan,nan,nan,nan,nan,nan,nan,nan,nan
83,1842,152831,1.0775471311389484,0.5779329408027576,0.462328707518585,0.037285482817605894,nan,nan,nan,nan,nan,nan,nan,nan,nan,nan,nan,nan,nan,nan,nan,nan,nan,nan,nan,nan,nan,nan,nan,nan,nan
84,1831,154662,1.086656632204914,0.5785295210304383,0.4708191379130638,0.0373079732614122,nan,nan,nan,nan,nan,nan,nan,nan,nan,nan,nan,nan,nan,nan,nan,nan,nan,nan,nan,nan,nan,nan,nan,nan,nan
85,1782,156444,1.0769909077636384,0.5769867897604192,0.4627075488661908,0.03729656913702818,nan,nan,nan,nan,nan,nan,nan,nan,nan,nan,nan,nan,nan,nan,nan,nan,nan,nan,nan,nan,nan,nan,nan,nan,nan
86,1857,158301,1.0875487218447915,0.5836788420563233,0.466591084329914,0.037278795458554295,nan,nan,nan,nan,nan,nan,nan,nan,nan,nan,nan,nan,nan,nan,nan,nan,nan,nan,nan,nan,nan,nan,nan,nan,nan
87,1850,160151,1.0595671460340301,0.5637301199992077,0.45854247065868015,0.03729455537614237,nan,nan,nan,nan,nan,nan,nan,nan,nan,nan,nan,nan,nan,nan,nan,nan,nan,nan,nan,nan,nan,nan,nan,nan,nan
88,1857,162008,1.0813252303018315,0.578958684726449,0.4650588657172194,0.03730767985816327,nan,nan,nan,nan,nan,nan,nan,nan,nan,nan,nan,nan,nan,nan,nan,nan,nan,nan,nan,nan,nan,nan,nan,nan,nan
89,1937,163945,1.0792593156454893,0.5849686045260708,0.45696810552107636,0.03732260559834211,nan,nan,nan,nan,nan,nan,nan,nan,nan,nan,nan,nan,nan,nan,nan,nan,nan,nan,nan,nan,nan,nan,nan,nan,nan
90,1906,165851,1.059646657187497,0.5717174993461305,0.45060937859885714,0.03731977924250945,nan,nan,nan,nan,nan,nan,nan,nan,nan,nan,nan,nan,nan,nan,nan,nan,nan,nan,nan,nan,nan,nan,nan,nan,nan
91,1799,167650,1.0674838393134412,0.5723791567411759,0.45778057147490037,0.03732411109736488,nan,nan,nan,nan,nan,nan,nan,nan,nan,nan,nan,nan,nan,nan,nan,nan,nan,nan,nan,nan,nan,nan,nan,nan,nan
92,1819,169469,1.0864030223635235,0.5779269367669877,0.4711488516819915,0.03732723391454432,nan,nan,nan,nan,nan,nan,nan,nan,nan,nan,nan,nan,nan,nan,nan,nan,nan,nan,nan,nan,nan,nan,nan,nan,nan
93,1726,171195,1.087022961431124,0.5836494543801907,0.46605819316435676,0.03731531388657622,nan,nan,nan,nan,nan,nan,nan,nan,nan,nan,nan,nan,nan,nan,nan,nan,nan,nan,nan,nan,nan,nan,nan,nan,nan
94,1829,173024,1.069453216569629,0.5730427414004828,0.45909296445177866,0.0373175107173676,nan,nan,nan,nan,nan,nan,nan,nan,nan,nan,nan,nan,nan,nan,nan,nan,nan,nan,nan,nan,nan,nan,nan,nan,nan
95,1808,174832,1.0638605785760569,0.5740039609969143,0.4525069398182179,0.03734967776092464,nan,nan,nan,nan,nan,nan,nan,nan,nan,nan,nan,nan,nan,nan,nan,nan,nan,nan,nan,nan,nan,nan,nan,nan,nan
96,1759,176591,1.07504112529405,0.5761296444612098,0.4615578620399987,0.03735361879284135,nan,nan,nan,nan,nan,nan,nan,nan,nan,nan,nan,nan,nan,nan,nan,nan,nan,nan,nan,nan,nan,nan,nan,nan,nan
97,1795,178386,1.101537130955054,0.5914485092759523,0.47271186840946705,0.037376753269634765,nan,nan,nan,nan,nan,nan,nan,nan,nan,nan,nan,nan,nan,nan,nan,nan,nan,nan,nan,nan,nan,nan,nan,nan,nan
98,1863,180249,1.087333049241189,0.5820754931134364,0.46787508403694916,0.03738247209080363,nan,nan,nan,nan,nan,nan,nan,nan,nan,nan,nan,nan,nan,nan,nan,nan,nan,nan,nan,nan,nan,nan,nan,nan,nan
99,1833,182082,1.0859878706035913,0.5832193121579752,0.46540184015238667,0.03736671829322947,nan,nan,nan,nan,nan,nan,nan,nan,nan,nan,nan,nan,nan,nan,nan,nan,nan,nan,nan,nan,nan,nan,nan,nan,nan
100,1819,183901,1.0769597848712402,0.5713112674194738,0.4682778370617637,0.03737068039000281,0.3903333333333333,0.08333333333333333,0.6039166666666667,0.4166666666666667,0.974,0.999,999,1,0,0.999,500,500,0,0.5,0.5,250,250,500,0.25,0.4166666666666667,500,500,0,0.5,0.5
101,1777,185678,1.0492096670318478,0.5616341144787973,0.4501886063735856,0.037386946179464815,nan,nan,nan,nan,nan,nan,nan,nan,nan,nan,nan,nan,nan,nan,nan,nan,nan,nan,nan,nan,nan,nan,nan,nan,nan
102,1962,187640,1.0597510349935648,0.5694223889738409,0.4529198431732015,0.0374088028465223,nan,nan,nan,nan,nan,nan,nan,nan,nan,nan,nan,nan,nan,nan,nan,nan,nan,nan,nan,nan,nan,nan,nan,nan,nan
103,1931,189571,1.0706931745112034,0.5683679528181591,0.46491155851505794,0.037413663177986556,nan,nan,nan,nan,nan,nan,nan,nan,nan,nan,nan,nan,nan,nan,nan,nan,nan,nan,nan,nan,nan,nan,nan,nan,nan
104,1780,191351,1.0512215760649812,0.5663119737082023,0.4474776391768887,0.03743196317989014,nan,nan,nan,nan,nan,nan,nan,nan,nan,nan,nan,nan,nan,nan,nan,nan,nan,nan,nan,nan,nan,nan,nan,nan,nan
105,1777,193128,1.0756944733179998,0.5709847945033897,0.46727661084430755,0.037433067970302665,nan,nan,nan,nan,nan,nan,nan,nan,nan,nan,nan,nan,nan,nan,nan,nan,nan,nan,nan,nan,nan,nan,nan,nan,nan
106,1809,194937,1.0612819312814297,0.5676080060790661,0.4562415916816051,0.03743233352075845,nan,nan,nan,nan,nan,nan,nan,nan,nan,nan,nan,nan,nan,nan,nan,nan,nan,nan,nan,nan,nan,nan,nan,nan,nan
107,1811,196748,1.071002064172328,0.5785475117349302,0.45502711097952764,0.03742744145786981,nan,nan,nan,nan,nan,nan,nan,nan,nan,nan,nan,nan,nan,nan,nan,nan,nan,nan,nan,nan,nan,nan,nan,nan,nan
108,1896,198644,1.0705620057457061,0.5746221381768336,0.45850770243439143,0.037432165134480985,nan,nan,nan,nan,nan,nan,nan,nan,nan,nan,nan,nan,nan,nan,nan,nan,nan,nan,nan,nan,nan,nan,nan,nan,nan
109,1893,200537,1.0526676756015778,0.562799076480086,0.4524218381808267,0.03744676094066489,nan,nan,nan,nan,nan,nan,nan,nan,nan,nan,nan,nan,nan,nan,nan,nan,nan,nan,nan,nan,nan,nan,nan,nan,nan
110,1901,202438,1.0538344153652028,0.5582996027864331,0.4580775664400713,0.037457246138698747,nan,nan,nan,nan,nan,nan,nan,nan,nan,nan,nan,nan,nan,nan,nan,nan,nan,nan,nan,nan,nan,nan,nan,nan,nan
111,1835,204273,1.0362306302414934,0.5579661056103725,0.44078685606851586,0.03747766856260509,nan,nan,nan,nan,nan,nan,nan,nan,nan,nan,nan,nan,nan,nan,nan,nan,nan,nan,nan,nan,nan,nan,nan,nan,nan
112,1939,206212,1.0447623444070853,0.5624739719506703,0.44482038424646225,0.03746798820995273,nan,nan,nan,nan,nan,nan,nan,nan,nan,nan,nan,nan,nan,nan,nan,nan,nan,nan,nan,nan,nan,nan,nan,nan,nan
113,1812,208024,1.0348156124020769,0.5547643725920542,0.4425817789687659,0.037469460841256935,nan,nan,nan,nan,nan,nan,nan,nan,nan,nan,nan,nan,nan,nan,nan,nan,nan,nan,nan,nan,nan,nan,nan,nan,nan
114,1792,209816,1.049553682221228,0.5600248964897042,0.4520235974595132,0.03750518827201083,nan,nan,nan,nan,nan,nan,nan,nan,nan,nan,nan,nan,nan,nan,nan,nan,nan,nan,nan,nan,nan,nan,nan,nan,nan
115,1745,211561,1.04071649553131,0.5599646746768254,0.4432263380591015,0.037525482795383085,nan,nan,nan,nan,nan,nan,nan,nan,nan,nan,nan,nan,nan,nan,nan,nan,nan,nan,nan,nan,nan,nan,nan,nan,nan
116,1808,213369,1.0761491650853088,0.5795491833813329,0.4590782707571144,0.03752171094686167,nan,nan,nan,nan,nan,nan,nan,nan,nan,nan,nan,nan,nan,nan,nan,nan,nan,nan,nan,nan,nan,nan,nan,nan,nan
117,1698,215067,1.0509712192911118,0.5618710333363348,0.45156294722980306,0.03753723872497409,nan,nan,nan,nan,nan,nan,nan,nan,nan,nan,nan,nan,nan,nan,nan,nan,nan,nan,nan,nan,nan,nan,nan,nan,nan
118,1702,216769,1.0531597445949967,0.5695077642263082,0.4460954727720175,0.03755650759667085,nan,nan,nan,nan,nan,nan,nan,nan,nan,nan,nan,nan,nan,nan,nan,nan,nan,nan,nan,nan,nan,nan,nan,nan,nan
119,1752,218521,1.0580162319740196,0.5711152193815852,0.4493319871635644,0.037569025428870285,nan,nan,nan,nan,nan,nan,nan,nan,nan,nan,nan,nan,nan,nan,nan,nan,nan,nan,nan,nan,nan,nan,nan,nan,nan
120,1866,220387,1.0603421280936158,0.5692389252003927,0.45352020147709415,0.03758300141612893,0.35074999999999995,0.0,0.6240833333333333,0.25,0.985,0.996,996,3,1,0.9963333333333333,750,250,0,0.75,0.75,500,500,0,0.5,0.5,250,750,0,0.25,0.25
121,1860,222247,1.034798258208977,0.5609201965338143,0.43628290457299246,0.03759515710217033,nan,nan,nan,nan,nan,nan,nan,nan,nan,nan,nan,nan,nan,nan,nan,nan,nan,nan,nan,nan,nan,nan,nan,nan,nan
122,1840,224087,1.0473733788709785,0.5593581615470146,0.450403327944036,0.03761188937992806,nan,nan,nan,nan,nan,nan,nan,nan,nan,nan,nan,nan,nan,nan,nan,nan,nan,nan,nan,nan,nan,nan,nan,nan,nan
123,1843,225930,1.0414899433077138,0.5627457867608211,0.4411331348464049,0.03761102170048795,nan,nan,nan,nan,nan,nan,nan,nan,nan,nan,nan,nan,nan,nan,nan,nan,nan,nan,nan,nan,nan,nan,nan,nan,nan
124,1776,227706,1.0437980001103375,0.5610277210561575,0.44513856404269814,0.037631715011481714,nan,nan,nan,nan,nan,nan,nan,nan,nan,nan,nan,nan,nan,nan,nan,nan,nan,nan,nan,nan,nan,nan,nan,nan,nan
125,1889,229595,1.0337626312904424,0.5529157353940072,0.44321256862352165,0.03763432727291344,nan,nan,nan,nan,nan,nan,nan,nan,nan,nan,nan,nan,nan,nan,nan,nan,nan,nan,nan,nan,nan,nan,nan,nan,nan
126,1890,231485,1.041338606563327,0.5624571945116308,0.44125165459004945,0.03762975746164685,nan,nan,nan,nan,nan,nan,nan,nan,nan,nan,nan,nan,nan,nan,nan,nan,nan,nan,nan,nan,nan,nan,nan,nan,nan
127,1811,233296,1.0559833736857918,0.566622401218747,0.4517160591295153,0.03764491333752951,nan,nan,nan,nan,nan,nan,nan,nan,nan,nan,nan,nan,nan,nan,nan,nan,nan,nan,nan,nan,nan,nan,nan,nan,nan
128,1905,235201,1.0471583107275626,0.5601142832693545,0.4493848980968312,0.037659129361377094,nan,nan,nan,nan,nan,nan,nan,nan,nan,nan,nan,nan,nan,nan,nan,nan,nan,nan,nan,nan,nan,nan,nan,nan,nan
129,1838,237039,1.0365995909292531,0.5610879784878616,0.43782636222427,0.03768525021712128,nan,nan,nan,nan,nan,nan,nan,nan,nan,nan,nan,nan,nan,nan,nan,nan,nan,nan,nan,nan,nan,nan,nan,nan,nan
130,1905,238944,1.0308267087591743,0.5627418362765001,0.4303966797435345,0.037688192739139446,nan,nan,nan,nan,nan,nan,nan,nan,nan,nan,nan,nan,nan,nan,nan,nan,nan,nan,nan,nan,nan,nan,nan,nan,nan
131,1872,240816,1.0484827740700968,0.5623580712942684,0.44842859380965044,0.037696108966177595,nan,nan,nan,nan,nan,nan,nan,nan,nan,nan,nan,nan,nan,nan,nan,nan,nan,nan,nan,nan,nan,nan,nan,nan,nan
132,1707,242523,1.0329591091302033,0.5554676403388675,0.43978991495216846,0.03770155383916741,nan,nan,nan,nan,nan,nan,nan,nan,nan,nan,nan,nan,nan,nan,nan,nan,nan,nan,nan,nan,nan,nan,nan,nan,nan
133,1896,244419,1.027537842020118,0.5495944807151563,0.44024739217637704,0.037695969128585013,nan,nan,nan,nan,nan,nan,nan,nan,nan,nan,nan,nan,nan,nan,nan,nan,nan,nan,nan,nan,nan,nan,nan,nan,nan
134,1796,246215,1.0289763375136878,0.5522316935550259,0.4390301999519343,0.03771444400672753,nan,nan,nan,nan,nan,nan,nan,nan,nan,nan,nan,nan,nan,nan,nan,nan,nan,nan,nan,nan,nan,nan,nan,nan,nan
135,1909,248124,1.0154723814998903,0.545764737144841,0.4319739954178548,0.037733648937194435,nan,nan,nan,nan,nan,nan,nan,nan,nan,nan,nan,nan,nan,nan,nan,nan,nan,nan,nan,nan,nan,nan,nan,nan,nan
136,1814,249938,1.0312989650701099,0.5600736410417985,0.4334702746718434,0.037755049356468,nan,nan,nan,nan,nan,nan,nan,nan,nan,nan,nan,nan,nan,nan,nan,nan,nan,nan,nan,nan,nan,nan,nan,nan,nan
137,1759,251697,1.0288885591048293,0.5487479809069982,0.4423987781852771,0.03774180001255411,nan,nan,nan,nan,nan,nan,nan,nan,nan,nan,nan,nan,nan,nan,nan,nan,nan,nan,nan,nan,nan,nan,nan,nan,nan
138,1815,253512,1.0296838151525256,0.5577230282451705,0.43422904139573176,0.037731745511623435,nan,nan,nan,nan,nan,nan,nan,nan,nan,nan,nan,nan,nan,nan,nan,nan,nan,nan,nan,nan,nan,nan,nan,nan,nan
139,1898,255410,1.0176435744973455,0.5472680422718877,0.43264467068789125,0.03773086153756649,nan,nan,nan,nan,nan,nan,nan,nan,nan,nan,nan,nan,nan,nan,nan,nan,nan,nan,nan,nan,nan,nan,nan,nan,nan
140,1830,257240,1.0227112192863799,0.5472020228845309,0.4377734764153125,0.03773571998653624,0.39191666666666664,0.08333333333333333,0.6245833333333333,0.5,0.983,0.998,998,1,1,0.9983333333333333,500,500,0,0.5,0.5,500,500,0,0.5,0.5,500,500,0,0.5,0.5
141,1874,259114,1.0458053224852641,0.5610655393044058,0.44700697113884075,0.03773281204201764,nan,nan,nan,nan,nan,nan,nan,nan,nan,nan,nan,nan,nan,nan,nan,nan,nan,nan,nan,nan,nan,nan,nan,nan,nan
142,1757,260871,1.0387281579965104,0.5543093283777614,0.44670161737433894,0.03771721224441034,nan,nan,nan,nan,nan,nan,nan,nan,nan,nan,nan,nan,nan,nan,nan,nan,nan,nan,nan,nan,nan,nan,nan,nan,nan
143,1775,262646,1.0241032910456387,0.5480311582471717,0.43835275241263116,0.03771938038583594,nan,nan,nan,nan,nan,nan,nan,nan,nan,nan,nan,nan,nan,nan,nan,nan,nan,nan,nan,nan,nan,nan,nan,nan,nan
144,1822,264468,1.0236625686159926,0.546663717881339,0.4392675976384692,0.037731253096184594,nan,nan,nan,nan,nan,nan,nan,nan,nan,nan,nan,nan,nan,nan,nan,nan,nan,nan,nan,nan,nan,nan,nan,nan,nan
145,1774,266242,1.0292560226120302,0.5521950016032655,0.43932306381968567,0.03773795718907893,nan,nan,nan,nan,nan,nan,nan,nan,nan,nan,nan,nan,nan,nan,nan,nan,nan,nan,nan,nan,nan,nan,nan,nan,nan
146,1911,268153,1.0204625740801219,0.5491832361707484,0.43353575121886867,0.03774358669050484,nan,nan,nan,nan,nan,nan,nan,nan,nan,nan,nan,nan,nan,nan,nan,nan,nan,nan,nan,nan,nan,nan,nan,nan,nan
147,1780,269933,1.0414406457862955,0.5508369132328554,0.45284590355971976,0.037757828993720224,nan,nan,nan,nan,nan,nan,nan,nan,nan,nan,nan,nan,nan,nan,nan,nan,nan,nan,nan,nan,nan,nan,nan,nan,nan
148,1867,271800,1.0215475867932633,0.5421470845372758,0.44164394524022443,0.037756557015763255,nan,nan,nan,nan,nan,nan,nan,nan,nan,nan,nan,nan,nan,nan,nan,nan,nan,nan,nan,nan,nan,nan,nan,nan,nan
149,1775,273575,1.0372595052499767,0.5614356259631034,0.43806171660305865,0.037762162683814535,nan,nan,nan,nan,nan,nan,nan,nan,nan,nan,nan,nan,nan,nan,nan,nan,nan,nan,nan,nan,nan,nan,nan,nan,nan
150,1787,275362,1.0232828483979424,0.5495631501366944,0.43598015383628536,0.03773954442496249,nan,nan,nan,nan,nan,nan,nan,nan,nan,nan,nan,nan,nan,nan,nan,nan,nan,nan,nan,nan,nan,nan,nan,nan,nan
151,1936,277298,1.0132870802923524,0.5438582333718586,0.4316830742443962,0.037745772676097605,nan,nan,nan,nan,nan,nan,nan,nan,nan,nan,nan,nan,nan,nan,nan,nan,nan,nan,nan,nan,nan,nan,nan,nan,nan
152,1859,279157,1.0267023019622734,0.549380563960748,0.4395556512905347,0.03776608671099088,nan,nan,nan,nan,nan,nan,nan,nan,nan,nan,nan,nan,nan,nan,nan,nan,nan,nan,nan,nan,nan,nan,nan,nan,nan
153,1831,280988,1.0218407678817207,0.5492903979397814,0.43478623172166275,0.037764138220276515,nan,nan,nan,nan,nan,nan,nan,nan,nan,nan,nan,nan,nan,nan,nan,nan,nan,nan,nan,nan,nan,nan,nan,nan,nan
154,1798,282786,1.013434596125179,0.5432335770420155,0.4324188700194063,0.03778214906375718,nan,nan,nan,nan,nan,nan,nan,nan,nan,nan,nan,nan,nan,nan,nan,nan,nan,nan,nan,nan,nan,nan,nan,nan,nan
155,1704,284490,0.9938713013851079,0.5337762113576231,0.42231334447805546,0.03778174554942958,nan,nan,nan,nan,nan,nan,nan,nan,nan,nan,nan,nan,nan,nan,nan,nan,nan,nan,nan,nan,nan,nan,nan,nan,nan
156,1787,286277,1.018178054179365,0.5515051104053021,0.42888550134485676,0.03778744242920631,nan,nan,nan,nan,nan,nan,nan,nan,nan,nan,nan,nan,nan,nan,nan,nan,nan,nan,nan,nan,nan,nan,nan,nan,nan
157,1857,288134,1.0142730476783302,0.5529062186674544,0.423581133208425,0.03778569580245062,nan,nan,nan,nan,nan,nan,nan,nan,nan,nan,nan,nan,nan,nan,nan,nan,nan,nan,nan,nan,nan,nan,nan,nan,nan
158,1882,290016,1.0144958711102792,0.5406740844517741,0.4360390782609084,0.037782708397596766,nan,nan,nan,nan,nan,nan,nan,nan,nan,nan,nan,nan,nan,nan,nan,nan,nan,nan,nan,nan,nan,nan,nan,nan,nan
159,1822,291838,1.029388816299367,0.5514893673800062,0.4401250708281765,0.037774378091184356,nan,nan,nan,nan,nan,nan,nan,nan,nan,nan,nan,nan,nan,nan,nan,nan,nan,nan,nan,nan,nan,nan,nan,nan,nan
160,1836,293674,1.0269550256471778,0.549070788093241,0.4401084104827073,0.03777582707122959,0.4335,0.0,0.5820833333333333,0.3333333333333333,0.982,0.994,994,3,3,0.995,500,500,0,0.5,0.5,250,500,250,0.25,0.3333333333333333,500,500,0,0.5,0.5
161,1894,295568,1.0336293882833756,0.5589902353672298,0.4368791548874873,0.03775999802865818,nan,nan,nan,nan,nan,nan,nan,nan,nan,nan,nan,nan,nan,nan,nan,nan,nan,nan,nan,nan,nan,nan,nan,nan,nan
162,1804,297372,1.016806649907091,0.5425011102290308,0.4365521805101087,0.03775335916795134,nan,nan,nan,nan,nan,nan,nan,nan,nan,nan,nan,nan,nan,nan,nan,nan,nan,nan,nan,nan,nan,nan,nan,nan,nan
163,1950,299322,1.0071640952543486,0.5382403572490727,0.4311968134244751,0.0377269245808006,nan,nan,nan,nan,nan,nan,nan,nan,nan,nan,nan,nan,nan,nan,nan,nan,nan,nan,nan,nan,nan,nan,nan,nan,nan
164,1727,300000,1.0108234325959042,0.5472721109553876,0.42583474351224126,0.037716578128275134,nan,nan,nan,nan,nan,nan,nan,nan,nan,nan,nan,nan,nan,nan,nan,nan,nan,nan,nan,nan,nan,nan,nan,nan,nan
165,1867,300000,0.989517189861655,0.531482072098139,0.4203019795189044,0.037733138244611525,nan,nan,nan,nan,nan,nan,nan,nan,nan,nan,nan,nan,nan,nan,nan,nan,nan,nan,nan,nan,nan,nan,nan,nan,nan
166,1766,300000,1.0163499497983586,0.5502451949229968,0.42836480219613265,0.037739952679229125,nan,nan,nan,nan,nan,nan,nan,nan,nan,nan,nan,nan,nan,nan,nan,nan,nan,nan,nan,nan,nan,nan,nan,nan,nan
167,1958,300000,1.0114737295870766,0.537685956911542,0.4360493427384069,0.037738429937127733,nan,nan,nan,nan,nan,nan,nan,nan,nan,nan,nan,nan,nan,nan,nan,nan,nan,nan,nan,nan,nan,nan,nan,nan,nan
168,1895,300000,1.0051693640602055,0.5316225766314046,0.4358073541818018,0.037739433246999105,nan,nan,nan,nan,nan,nan,nan,nan,nan,nan,nan,nan,nan,nan,nan,nan,nan,nan,nan,nan,nan,nan,nan,nan,nan
169,1848,300000,1.0001391388974015,0.533833694927899,0.42856503016480424,0.0377404138046983,nan,nan,nan,nan,nan,nan,nan,nan,nan,nan,nan,nan,nan,nan,nan,nan,nan,nan,nan,nan,nan,nan,nan,nan,nan
170,1811,300000,1.0150715862274293,0.5433102182385178,0.43401107183154475,0.037750296157366726,nan,nan,nan,nan,nan,nan,nan,nan,nan,nan,nan,nan,nan,nan,nan,nan,nan,nan,nan,nan,nan,nan,nan,nan,nan
171,1828,300000,0.9998213822136814,0.5272276672460259,0.4348223325968499,0.03777138237080549,nan,nan,nan,nan,nan,nan,nan,nan,nan,nan,nan,nan,nan,nan,nan,nan,nan,nan,nan,nan,nan,nan,nan,nan,nan
172,1848,300000,0.9806763623585311,0.5273794433724981,0.4155173242747706,0.03777959471126222,nan,nan,nan,nan,nan,nan,nan,nan,nan,nan,nan,nan,nan,nan,nan,nan,nan,nan,nan,nan,nan,nan,nan,nan,nan
173,1894,300000,1.0105862725903796,0.5379006692208345,0.43489170659135856,0.03779389677818649,nan,nan,nan,nan,nan,nan,nan,nan,nan,nan,nan,nan,nan,nan,nan,nan,nan,nan,nan,nan,nan,nan,nan,nan,nan
174,1820,300000,1.0097875262654497,0.5473152572001443,0.42468087542374083,0.037791393641564336,nan,nan,nan,nan,nan,nan,nan,nan,nan,nan,nan,nan,nan,nan,nan,nan,nan,nan,nan,nan,nan,nan,nan,nan,nan
175,1869,300000,0.9997003998075055,0.5268791106809629,0.43503257797377687,0.037788711152765365,nan,nan,nan,nan,nan,nan,nan,nan,nan,nan,nan,nan,nan,nan,nan,nan,nan,nan,nan,nan,nan,nan,nan,nan,nan
176,1761,300000,0.9928912147918818,0.5239094101920577,0.4311938655143861,0.03778793908543812,nan,nan,nan,nan,nan,nan,nan,nan,nan,nan,nan,nan,nan,nan,nan,nan,nan,nan,nan,nan,nan,nan,nan,nan,nan
177,1780,300000,1.0078607233472825,0.542920488078049,0.42714106459754037,0.03779917067169324,nan,nan,nan,nan,nan,nan,nan,nan,nan,nan,nan,nan,nan,nan,nan,nan,nan,nan,nan,nan,nan,nan,nan,nan,nan
178,1923,300000,0.9924270686294225,0.530058678970697,0.4245731411570614,0.03779524850166386,nan,nan,nan,nan,nan,nan,nan,nan,nan,nan,nan,nan,nan,nan,nan,nan,nan,nan,nan,nan,nan,nan,nan,nan,nan
179,1888,300000,0.9753825267577626,0.5205591092058949,0.41702302931048996,0.03780038824137778,nan,nan,nan,nan,nan,nan,nan,nan,nan,nan,nan,nan,nan,nan,nan,nan,nan,nan,nan,nan,nan,nan,nan,nan,nan
180,1880,300000,0.975479014817465,0.519873244687261,0.4178012415852615,0.037804528544942685,0.5169166666666667,0.0,0.6445833333333333,0.08333333333333333,0.981,0.994,994,3,3,0.995,750,250,0,0.75,0.75,0,750,250,0.0,0.08333333333333333,750,250,0,0.75,0.75
181,1885,300000,0.9764478504375107,0.5194732389087143,0.41916023225490734,0.03781437927388911,nan,nan,nan,nan,nan,nan,nan,nan,nan,nan,nan,nan,nan,nan,nan,nan,nan,nan,nan,nan,nan,nan,nan,nan,nan
182,1866,300000,0.9958123725948638,0.5249511469513015,0.4330458277015583,0.03781539794200398,nan,nan,nan,nan,nan,nan,nan,nan,nan,nan,nan,nan,nan,nan,nan,nan,nan,nan,nan,nan,nan,nan,nan,nan,nan
183,1746,300000,0.992537365332174,0.522071213407439,0.4326562733377244,0.03780987858701058,nan,nan,nan,nan,nan,nan,nan,nan,nan,nan,nan,nan,nan,nan,nan,nan,nan,nan,nan,nan,nan,nan,nan,nan,nan
184,1839,300000,0.9843335332638564,0.5304801146435547,0.41604523496033363,0.03780818365996788,nan,nan,nan,nan,nan,nan,nan,nan,nan,nan,nan,nan,nan,nan,nan,nan,nan,nan,nan,nan,nan,nan,nan,nan,nan
185,1897,300000,0.9863913028485324,0.530947159932919,0.41762164358280257,0.03782249933281054,nan,nan,nan,nan,nan,nan,nan,nan,nan,nan,nan,nan,nan,nan,nan,nan,nan,nan,nan,nan,nan,nan,nan,nan,nan
186,1896,300000,0.9889590260340546,0.5267345778819513,0.42440844966543456,0.037815998486668806,nan,nan,nan,nan,nan,nan,nan,nan,nan,nan,nan,nan,nan,nan,nan,nan,nan,nan,nan,nan,nan,nan,nan,nan,nan
187,1809,300000,0.9812020338932131,0.5215073400323827,0.4218842006255141,0.037810493235316246,nan,nan,nan,nan,nan,nan,nan,nan,nan,nan,nan,nan,nan,nan,nan,nan,nan,nan,nan,nan,nan,nan,nan,nan,nan
188,1748,300000,0.9651892184272896,0.5183100827528214,0.40906772696450555,0.03781140870996255,nan,nan,nan,nan,nan,nan,nan,nan,nan,nan,nan,nan,nan,nan,nan,nan,nan,nan,nan,nan,nan,nan,nan,nan,nan
189,1851,300000,0.9953353935857726,0.525243268692416,0.4322720734101642,0.037820051483192146,nan,nan,nan,nan,nan,nan,nan,nan,nan,nan,nan,nan,nan,nan,nan,nan,nan,nan,nan,nan,nan,nan,nan,nan,nan
190,1758,300000,0.9724240897415057,0.5188915943960214,0.41569623326518346,0.03783626208030085,nan,nan,nan,nan,nan,nan,nan,nan,nan,nan,nan,nan,nan,nan,nan,nan,nan,nan,nan,nan,nan,nan,nan,nan,nan
191,1848,300000,0.9732487600388654,0.5189609841369968,0.41643506576252315,0.03785271013934538,nan,nan,nan,nan,nan,nan,nan,nan,nan,nan,nan,nan,nan,nan,nan,nan,nan,nan,nan,nan,nan,nan,nan,nan,nan
192,1802,300000,0.9741632518225939,0.5161206926410715,0.4201908410438022,0.0378517181377201,nan,nan,nan,nan,nan,nan,nan,nan,nan,nan,nan,nan,nan,nan,nan,nan,nan,nan,nan,nan,nan,nan,nan,nan,nan
193,1807,300000,0.9594676076215043,0.5120801206908491,0.4095308169755398,0.03785666995511541,nan,nan,nan,nan,nan,nan,nan,nan,nan,nan,nan,nan,nan,nan,nan,nan,nan,nan,nan,nan,nan,nan,nan,nan,nan
194,1807,300000,0.9604275490157292,0.5133541874661113,0.4091994656821631,0.03787389586745491,nan,nan,nan,nan,nan,nan,nan,nan,nan,nan,nan,nan,nan,nan,nan,nan,nan,nan,nan,nan,nan,nan,nan,nan,nan
195,1851,300000,0.9732357577974075,0.5122153080410066,0.42314324803643416,0.037877201719966884,nan,nan,nan,nan,nan,nan,nan,nan,nan,nan,nan,nan,nan,nan,nan,nan,nan,nan,nan,nan,nan,nan,nan,nan,nan
196,1785,300000,0.9628207344507962,0.5100774572020729,0.4148603252806393,0.03788295196808399,nan,nan,nan,nan,nan,nan,nan,nan,nan,nan,nan,nan,nan,nan,nan,nan,nan,nan,nan,nan,nan,nan,nan,nan,nan
197,1776,300000,0.9666193405328832,0.510163935442669,0.4185692453698337,0.03788615972038074,nan,nan,nan,nan,nan,nan,nan,nan,nan,nan,nan,nan,nan,nan,nan,nan,nan,nan,nan,nan,nan,nan,nan,nan,nan
198,1897,300000,0.9652122063745376,0.5189833482603053,0.40832053759944764,0.03790832051478433,nan,nan,nan,nan,nan,nan,nan,nan,nan,nan,nan,nan,nan,nan,nan,nan,nan,nan,nan,nan,nan,nan,nan,nan,nan
199,1809,300000,0.9685772092473302,0.5182437695885359,0.4124138750005294,0.03791956465826491,nan,nan,nan,nan,nan,nan,nan,nan,nan,nan,nan,nan,nan,nan,nan,nan,nan,nan,nan,nan,nan,nan,nan,nan,nan
200,1757,300000,0.9456567448249232,0.5002621390514694,0.4074847948288363,0.037909810944617484,0.3908333333333333,0.08333333333333333,0.6032500000000001,0.16666666666666666,0.978,0.996,996,3,1,0.9963333333333333,750,250,0,0.75,0.75,0,500,500,0.0,0.16666666666666666,500,500,0,0.5,0.5
